teaching,teaching.1,coursecontent,coursecontent.1,examination,Examination,labwork,labwork.1,library_facilities, library_facilities,extracurricular,extracurricular.1,cleaned_teaching,cleaned_coursecontent,cleaned_Examination,cleaned_labwork,cleaned_library_facilities,cleaned_extracurricular
0,teacher are punctual but they should also give us the some practical knowledge other than theortical,0.0,content of courses are average,1.0,examination pattern is good,-1,"not satisfactory, lab work must include latest technologies",0.0,library facilities are good but number of books are less,1,extracurricular activities are excellent and provides best platform to students.,teacher punctual they should also give us some practical knowledge other than theortical,content courses average,examination pattern good,not satisfactory lab work must include latest technologies,library facilities good number books less,extracurricular activities excellent provides best platform students
1,Good ,-1.0,Not good,1.0,Good,1,Good ,-1.0,Not good ,1,Good ,good,not good,good,good,not good,good
1,Excellent lectures are delivered by teachers and all teachers are very punctual.,1.0,All courses material provide very good knowledge in depth .,1.0,"Exam pattern is up to the mark and the Cgpa depends on the various marks distributions like ca, mte etc which is very nice as compare to other institutions. Paper checking does not depend on length of ques but on the material which is the best part of it.",1,Lab work is properly covered in the labs by the faculty and evaluations help to learn more practical knowledge in depth. ,1.0,Library facilities are excellent in terms of good techniques that are used over there.,1,Extra curricular activities also help students to divert their mind from their study for some time. University plays an important role in this task.,excellent lectures delivered teachers all teachers very punctual,all courses material provide very good knowledge depth,exam pattern up mark cgpa depends various marks distributions like ca mte etc which very nice as compare other institutions paper checking does not depend length ques material which best part it,lab work properly covered labs faculty evaluations help learn more practical knowledge depth,library facilities excellent terms good techniques that used over there,extra curricular activities also help students divert their mind their study some time university plays important role this task
1,Good,-1.0,"Content of course is perfectly in line with the teaching philosophy that is being perpetuated here i.e cramming,rote learning.",-1.0,Again the university tests students of their ability to memorize stuff. Questions should emphasize more on concepts rather than testing brain's cramming storage house.,1,Good,0.0,"Its the best thing i have seen in this university,albeit the behaviour of library staff is unprofessional at times. They are whimsically rude.",-1,Complete wastage of time. Again this opinion is strictly personal and may not coincide with others.,good,content course perfectly line teaching philosophy that being perpetuated here ie crammingrote learning,again university tests students their ability memorize stuff questions should emphasize more concepts rather than testing brains cramming storage house,good,its best thing i have seen this universityalbeit behaviour library staff unprofessional times they whimsically rude,complete wastage time again this opinion strictly personal may not coincide others
1,teachers give us all the information required to improve the performance.,1.0,content of courses improves my knowledge,1.0,examination pattern is good,1,practical work provides detail knowledge of theoretical work,1.0,library has huge collection of books from different authors,1,extracurricular activities increases mental and physical abilities,teachers give us all information required improve performance,content courses improves my knowledge,examination pattern good,practical work provides detail knowledge theoretical work,library has huge collection books different authors,extracurricular activities increases mental physical abilities
1,Yes,1.0,Yes,1.0,Yes,1,Yes,1.0,Yes,1,Yes,yes,yes,yes,yes,yes,yes
1,good and punctual,1.0,Good,1.0,Good,1,Good,1.0,Hardworking,0,No views,good punctual,good,good,good,hardworking,no views
1,It is good,1.0,This semester university has provide best teachers ,1.0,I like the question pattern,1,Everything is going fine in lab . learning new things. That is good for us,0.0,I am satisfied with the facilities but few books are limited of  database distribution ,0,No idea about the extracurricular activities. ,it good,this semester university has provide best teachers,i like question pattern,everything going fine lab learning new things that good us,i am satisfied facilities few books limited database distribution,no idea about extracurricular activities
1,Good,-1.0,Needs some improvement,1.0,Good,1,Good,-1.0,Its required some libral in rules,1,Good it provides a great platform,good,needs some improvement,good,good,its required some libral rules,good it provides great platform
1,Good,-1.0,Needs some improvement,1.0,Good,1,Good,-1.0,Its required some libral in rules,1,Good it provides a great platform,good,needs some improvement,good,good,its required some libral rules,good it provides great platform
1,It's good when compare with my Btech lectures and teaching activities.,0.0,Knowledge  and depth of the course  is good but while coming to the material it's not upto the mark.,1.0,"This university is far better than other university when coming to the exam pattern,marks disturbation and while coming to paper checking no biased corrections equal to all. ",-1,Lab and practical are not upto the mark. The topic which are practiced are almost already done in Btech.,1.0,Good,1,While coming to extracurriculum activities it's better than any other university which I had come around.,its good when compare my btech lectures teaching activities,knowledge depth course good while coming material its not upto mark,this university far better than other university when coming exam patternmarks disturbation while coming paper checking no biased corrections equal all,lab practical not upto mark topic which practiced almost already done btech,good,while coming extracurriculum activities its better than any other university which i had come around
1,Good,0.0,"Knowledge,depth of course is good but course material are not upto the mark",1.0,Great,-1,Not upto the mark,1.0,Good,1,Awesome,good,knowledgedepth course good course material not upto mark,great,not upto mark,good,awesome
1,way of teaching is good,1.0,course content is knowledgeable ,1.0,exam pattern is good and good paper checking.,-1,lab improves practical knowledge,1.0,good library facilities,1,ok,way teaching good,course content knowledgeable,exam pattern good good paper checking,lab improves practical knowledge,good library facilities,ok
0,"University teaching here is very much dependent upon slides,though it is a easy way of teaching but still leaving some concepts unclear..otherwise interaction with the faculty is good.Lecture delivery sometimes is not upto the mark and punctuality is  fine. ",-1.0,Content of the courses is good but some courses need improvement. Course material is not upto the mark. ,0.0,Pattern and procedure of the examination is very good. Paper checking needed to be improved.,0,Sometimes systems at labs are screwed up .Otherwise everything is  at their respected desk.,1.0,Library facilities are very good. No issues ,1,This university is no1 in terms of extracurricular activities and in encouraging students to participate at their comfort levels. ,university teaching here very much dependent upon slidesthough it easy way teaching still leaving some concepts unclearotherwise interaction faculty goodlecture delivery sometimes not upto mark punctuality fine,content courses good some courses need improvement course material not upto mark,pattern procedure examination very good paper checking needed be improved,sometimes systems labs screwed up otherwise everything their respected desk,library facilities very good no issues,this university no terms extracurricular activities encouraging students participate their comfort levels
1,Good,1.0,Good,1.0,Good,1,Good,1.0,Hardworking,1,Good,good,good,good,good,hardworking,good
1,Good ,1.0,Very good,1.0,Excellent ,1,Good,1.0,Good,1,Good,good,very good,excellent,good,good,good
1,As compared to other colleges and university our university is perfect in all the aspects,-1.0,Material of the course is not good enough ,1.0,Good,1,Practical work is fair,1.0,Excellent,1,Great job,as compared other colleges university our university perfect all aspects,material course not good enough,good,practical work fair,excellent,great job
1,Good,-1.0,sometimes proper course material is not required.,1.0,Good,1,Good,1.0,Good,1,excellent,good,sometimes proper course material not required,good,good,good,excellent
1,Lectures helps in clear our concept,1.0,Easily available course material with sufficient knowledge gaining,1.0,Good marks distribution Students can easily check there performance throught the semester,1,Practical and easy learning,1.0,Good,1,Its give various opportunities and exposure,lectures helps clear our concept,easily available course material sufficient knowledge gaining,good marks distribution students can easily check there performance throught semester,practical easy learning,good,its give various opportunities exposure
0,"Talk about punctuality, it's really good but the lecture delivery is somehow not appreciated because every teacher has different style of teaching, so lack of knowledge in terms of subject is there and interaction is also kind of boring. A teacher should be entertaining as well but they are really not. All they want us to be studios and disciplined which is really not the thinking of every student.",1.0,"The materials or links provided for study purpose is good, clarity in depth of courses but again it differs from teacher to teacher.",0.0,"Exam pattern and how it is conducted is really seems to be good but it's my first year and when I went to scrutiny for the first time it was not as per my expectations. Teachers have marked the answers as per their choice, they must look for the content rather than the length of answers. So poor paper checking is there.",-1,"The evaluation is again bad for our CA, as one of our faculty is really weird. He gives us remarks on the basis of how we present things in front of it, he never look for the content of our answer, which is really annoying. As he expects us to deliver answer in the way he wants us to do. But how can a person do that, as people do have different mentality and they do explain themselves in different manner, so a teacher must understand that quality of a child and should give him marks on the basis of what they say not what they should say.",0.0,Again some of the faculties don't know how to behave otherwise it is good.,0,This is really a good thing that events happen in our university regularly but they must be announced early so that every student can prepare themselves for participation because sometimes we get to know about most of the events when they have already been conducted. So announcement must be there.,talk about punctuality its really good lecture delivery somehow not appreciated because every teacher has different style teaching so lack knowledge terms subject there interaction also kind boring teacher should be entertaining as well they really not all they want us be studios disciplined which really not thinking every student,materials links provided study purpose good clarity depth courses again it differs teacher teacher,exam pattern how it conducted really seems be good its my first year when i went scrutiny first time it not as per my expectations teachers have marked answers as per their choice they must look content rather than length answers so poor paper checking there,evaluation again bad our ca as one our faculty really weird he gives us remarks basis how we present things front it he never look content our answer which really annoying as he expects us deliver answer way he wants us do how can person do that as people do have different mentality they do explain themselves different manner so teacher must understand that quality child should give him marks basis what they say not what they should say,again some faculties dont know how behave otherwise it good,this really good thing that events happen our university regularly they must be announced early so that every student can prepare themselves participation because sometimes we get know about most events when they have already been conducted so announcement must be there
1,"University is very good at delivering proper lectures,also the interaction with students is descent. Sometimes the teachers lack in terms of punctuality but overall university is giving a good input. ",1.0,The course notes are very knowledgeable and proper.,1.0,Descent.,1,Good.,1.0,Descent.,1,Good.,university very good delivering proper lecturesalso interaction students descent sometimes teachers lack terms punctuality overall university giving good input,course notes very knowledgeable proper,descent,good,descent,good
1,Good,1.0,Good,1.0,Excellect,1,Good,1.0,Good,1,Good,good,good,excellect,good,good,good
1,Good,1.0,Good,1.0,Excellect,1,Good,1.0,Good,1,Good,good,good,excellect,good,good,good
1,lecturer are punctual and can interact them easily.,1.0,content of the courses are update and mostly based on current technology.,1.0,exam pattern and marks distribution is very well procedure,1,well and good infrastructure and have trending software in lab    ,1.0,library is very well managed and provide needed facilities to us,1,extracurricular activities held in university are necessary it provides student a platform where they can improve and groom them.,lecturer punctual can interact them easily,content courses update mostly based current technology,exam pattern marks distribution very well procedure,well good infrastructure have trending software lab,library very well managed provide needed facilities us,extracurricular activities held university necessary it provides student platform where they can improve groom them
1,Good,-1.0,Needs some improvement,1.0,Good,1,Good,-1.0,Its required some libral in rules,1,Good it provides a great platform,good,needs some improvement,good,good,its required some libral rules,good it provides great platform
1,Good,1.0,Good,0.0,Average,0,Average,1.0,They are doing there job well,1,Good,good,good,average,average,they doing there job well,good
0,Punctuality is good. Most of the teachers are not interacting with students .,-1.0,Teachers are not giving depth of course . They trying to cover there work only .,1.0,It is statisfactory.,-1,3 hours practical is so long. It should be of 2 hours only ,-1.0,"Well... all the books are not avilable . If they are in library , books are in less number and strength of student are large.",1,They are really very intersting. All the students enjoys alot and get a chance to showcase there talent,punctuality good most teachers not interacting students,teachers not giving depth course they trying cover there work only,it statisfactory,hours practical so long it should be hours only,well all books not avilable if they library books less number strength student large,they really very intersting all students enjoys alot get chance showcase there talent
1,Good,1.0,Good,1.0,Good,1,Good,1.0,Good,1,Good,good,good,good,good,good,good
1,nice,1.0,good,-1.0,not so good,1,ok ok,-1.0,all books are not available,1,Awesome,nice,good,not so good,ok ok,all books not available,awesome
-1,lecture delivery is not so good,1.0,every thing is fine,1.0,all good,-1,practicle must be of 2 hours,-1.0,the system in library usually does not work . so it creates a problem for us to issue the book,1,its good for refreshment ,lecture delivery not so good,every thing fine,all good,practicle must be hours,system library usually does not work so it creates problem us issue book,its good refreshment
1,It's good,1.0,It's appreciable,-1.0,"Not that much good 
Students are working so hard
But they aren't getting satisfactory result",1,"It's good 
Also depends on teacher's knowledge and student's interest",-1.0,"Sometimes only book is available for some subjects
And it is reserved",1,"It's appreciable
Students who are having interest in co curricular activities, getting a good platform",its good,its appreciable,not that much good students working so hard they arent getting satisfactory result,its good also depends teachers knowledge students interest,sometimes only book available some subjects it reserved,its appreciable students who having interest co curricular activities getting good platform
1,"Discipline, punctuality , lecture delivery all are good but hv to do some work for quality of lecture",1.0,Satisfied,0.0,All are good except paper checking. It should be improved,1,All good,1.0,Its very helpful,1,All good,discipline punctuality lecture delivery all good hv do some work quality lecture,satisfied,all good except paper checking it should be improved,all good,its very helpful,all good
0,"Interaction is very good,accurate supplement material is provided but recommendation of books is very poor,the change of a particular teacher after 3 months or a semester of same subject causes problems",-1.0,The books that are recommended do not contain appropriate content; leads the students to depend on slides given by teachers. Hence the knowledge remains superficial,1.0,Overall all these things are the plus point of the university,0,Average ,1.0,"Awesome, peaceful, relaxing atmosphere",0,Good but lacks audience.....as only participants can see these activities on duty leave basis,interaction very goodaccurate supplement material provided recommendation books very poorthe change particular teacher after months semester same subject causes problems,books that recommended do not contain appropriate content leads students depend slides given teachers hence knowledge remains superficial,overall all these things plus point university,average,awesome peaceful relaxing atmosphere,good lacks audienceas only participants can see these activities duty leave basis
1,Perfect,1.0,Awesome,1.0,Notbad,-1,Too much lanlb file work,-1.0,All books are not available,1,Perfect,perfect,awesome,notbad,too much lanlb file work,all books not available,perfect
1,It is really gud,1.0,It is proper,1.0,It is very gud,0,Evaluation method is gud.But the content is more to write in file,-1.0,I think number of books are very less according to the students .Only 2-3 copies are available.,1,All the activities are gud and appropriate for students,it really gud,it proper,it very gud,evaluation method gudbut content more write file,i think number books very less according students only copies available,all activities gud appropriate students
0,Very good teaching and management but too much load on student and working hours,1.0,Courses are very good and useful ,0.0,Examination pattern is good but marks distribution very confusing,1,excellent,1.0,good,1,very good,very good teaching management too much load student working hours,courses very good useful,examination pattern good marks distribution very confusing,excellent,good,very good
-1,in terms of lecture delivery that is good.in terms of punctuality that is also good but in terms of intraction that is very bad. There are some teachers they donot interact and do not litsn our problms that means they do not coprate.,1.0,Its good,1.0,"Exam pattren is good, marks distribution is also good bt paper cheacking is very tight.",1,Its good,1.0,Thats good,0,"Thats good but the problm is whenever in university the functions like one india, one world are held we are not alowed to go because we have to attend the classes and if we miss the classes we will gona loose the attendence and everyone knows in lpu attendnce is very important. 
Thanx",terms lecture delivery that goodin terms punctuality that also good terms intraction that very bad there some teachers they donot interact do not litsn our problms that means they do not coprate,its good,exam pattren good marks distribution also good bt paper cheacking very tight,its good,thats good,thats good problm whenever university functions like one india one world held we not alowed go because we have attend classes if we miss classes we will gona loose attendence everyone knows lpu attendnce very important thanx
1,According to me everything is going well in accordance to interaction.More than enough is served. ,1.0,Everything is fine. Every thing is taught in depth.Even a single point is elaborated enough to understand. ,1.0,Everything is fine. ,0,I think electrotherapy practical should be of 2 hours.That's enough I think.Rest is fine.,-1.0,I think stock is not enough more books are required. ,-1,Chance to go and enjoy should be given.I think it should be off when any activity like One India is there to go and enjoy.Otherwise everything is good. ,according me everything going well accordance interactionmore than enough served,everything fine every thing taught deptheven single point elaborated enough understand,everything fine,i think electrotherapy practical should be hoursthats enough i thinkrest fine,i think stock not enough more books required,chance go enjoy should be giveni think it should be off when any activity like one india there go enjoyotherwise everything good
0,Very good teaching and management but too much load on student and working hours,1.0,Courses are very good and useful ,0.0,Examination pattern is good but marks distribution very confusing,1,excellent,1.0,good,1,very good,very good teaching management too much load student working hours,courses very good useful,examination pattern good marks distribution very confusing,excellent,good,very good
-1,not effective and satisfactory in terms of lecture delivery by all the faculty .,1.0,content is good enough,1.0,satisfactory ,-1,lab duration of 3 hours is very long . ,1.0,very cooperative ,-1,extracurricular activies should be held when there are no classes for the students to attend so that every student can enjoy and participate in the events,not effective satisfactory terms lecture delivery all faculty,content good enough,satisfactory,lab duration hours very long,very cooperative,extracurricular activies should be held when there no classes students attend so that every student can enjoy participate events
1,Good,1.0,Good,1.0,Good,0,Average,1.0,Nice,1,Good,good,good,good,average,nice,good
1,Good,1.0,Good,1.0,Good,1,Good,1.0,Good,1,Good,good,good,good,good,good,good
1,Accurate,1.0,Accurate,1.0,Very good,1,Good,1.0,Satisfactory,1,Good,accurate,accurate,very good,good,satisfactory,good
1,It's good,1.0,Accurate,1.0,Very good,1,It's good,1.0,Fine ,1,Good,its good,accurate,very good,its good,fine,good
1,Good,1.0,Perfect,1.0,Accurate,1,It's good,1.0,Fine,1,Good,good,perfect,accurate,its good,fine,good
1,it is good depending on the faculty,1.0,the material provided is beneficial and provides much knowledge,0.0,it is neither too good nor too bad,1,lab evaluations are pretty good .they help us a lot.,1.0,library facilities provided are excellent,1,they are amazing and help to boost our stamina.,it good depending faculty,material provided beneficial provides much knowledge,it neither too good nor too bad,lab evaluations pretty good they help us lot,library facilities provided excellent,they amazing help boost our stamina
1,"maintained punctuality, good lecture delivery",1.0,fully knowledgeable,1.0,exam pattern is good and good paper checking.,1,having good material in labs.,1.0,good facilities,1,increasing confidence,maintained punctuality good lecture delivery,fully knowledgeable,exam pattern good good paper checking,having good material labs,good facilities,increasing confidence
0,average,1.0,good,1.0,Excellent ,1,too much good,0.0,average,0,average,average,good,excellent,too much good,average,average
0,average,1.0,good,1.0,good,1,good,1.0,better,1,best,average,good,good,good,better,best
1,good,1.0,well planned,1.0,good,0,average,1.0,excellent,1,good,good,well planned,good,average,excellent,good
1,good,1.0,good,1.0,good,-1,it is difficult to understand experiment in 1 hour,1.0,good,1,good,good,good,good,it difficult understand experiment hour,good,good
1,good,1.0,good,1.0,good,1,good,1.0,good,1,good,good,good,good,good,good,good
1,good,1.0,ok,1.0,good,1,good,-1.0,some books are not available. So please provide,1,ok,good,ok,good,good,some books not available so please provide,ok
0,average,1.0,good,1.0,good,1,good,1.0,there are doing there job good,1,good,average,good,good,good,there doing there job good,good
1,good,0.0,average,1.0,Excellent ,1,lab work is also good,1.0,all are hardworking and punctual,0,average,good,average,excellent,lab work also good,all hardworking punctual,average
1,"it is quite good , depending on teacher and their experience",1.0,content is very knowledgable and gives us huge knowledge of every subject,1.0,"examination pattern, marks, paper checking is good.",1,lab work is quite good,1.0,Excellent,1,extracurricular activities are good.,it quite good depending teacher their experience,content very knowledgable gives us huge knowledge every subject,examination pattern marks paper checking good,lab work quite good,excellent,extracurricular activities good
1,"it is quite good , depends upon teacher and their experience",1.0,"content is enough, we donot need more.",-1.0,"too many examination, we are frustrated",0,lab activities are good but not satisfactory in explaining point of view.,1.0,library is awesome and rich,0,"good it is, but teachers do not consider the new ones.",it quite good depends upon teacher their experience,content enough we donot need more,too many examination we frustrated,lab activities good not satisfactory explaining point view,library awesome rich,good it teachers do not consider new ones
1,the way of teaching is good but the time more than enough,0.0,good quallity content but some teachers donot upload ppts on time,0.0,too much examinations,1,helps in improving skills,1.0,they are good,1,it is good,way teaching good time more than enough,good quallity content some teachers donot upload ppts time,too much examinations,helps improving skills,they good,it good
1,good teaching delivery,1.0,course content is good,0.0,average,1,lab work is nice.,1.0,library facility is good,1,extracurrcular activities held in university is good.,good teaching delivery,course content good,average,lab work nice,library facility good,extracurrcular activities held university good
1,"good, teacher is delivery the lecture in the best way they can",1.0,the content of the course is knowledgeable,1.0,examination including exam pattern is good in some ways.MCQs shouls given to students for the preparation of exams.,1,practical work including evaluations are good so that students can learn about practicals.,1.0,library facilities are good for students.,1,"super, the extracurricular activities held in university. So that student can show the efforts in other fields.",good teacher delivery lecture best way they can,content course knowledgeable,examination including exam pattern good some waysmcqs shouls given students preparation exams,practical work including evaluations good so that students can learn about practicals,library facilities good students,super extracurricular activities held university so that student can show efforts other fields
0,good and qualified teachers but few lacks in interaction with students and fails to describe a topic,0.0,subjects are appropriate but much depth is required as syllabus includes only basics not the details,-1.0,the level of examination should be raised. Questions with reasoning must be included,1,laboratory provides us a good knowledge about practicals.,1.0,very good library facilities. Issuing time of book must be increased,1,good and ample number of extracurricular activities take place,good qualified teachers few lacks interaction students fails describe topic,subjects appropriate much depth required as syllabus includes only basics not details,level examination should be raised questions reasoning must be included,laboratory provides us good knowledge about practicals,very good library facilities issuing time book must be increased,good ample number extracurricular activities take place
0,average,1.0,good,1.0,ok,1,good,1.0,good,1,good,average,good,ok,good,good,good
1,"very good teaching facilities, lecture given are fruitful and teachers are punctual",-1.0,some courses are irrelevant as they are not related to my stream.,1.0,fair marking scheme and adaptable pattern,-1,practical work insome labs are not upto the marks,-1.0,more books should be provided and the issue period should be increased,0,they are good but they should give exposure to more students and not the same.,very good teaching facilities lecture given fruitful teachers punctual,some courses irrelevant as they not related my stream,fair marking scheme adaptable pattern,practical work insome labs not upto marks,more books should be provided issue period should be increased,they good they should give exposure more students not same
0,interaction is good but not with mostly male lecturers.punctuality is maintained by everyone but lecture delivery not peak quality.,-1.0,there are many courses which are irrelevant to the branch. some topics are not covered. There is no proper material for any course,0.0,pattern of examination is good but paper checking is not at all going in a good way.,0,labs are good but experiments are not very informative,1.0,very good library facilities. Issuing time of book must be increased,1,excellent,interaction good not mostly male lecturerspunctuality maintained everyone lecture delivery not peak quality,there many courses which irrelevant branch some topics not covered there no proper material any course,pattern examination good paper checking not all going good way,labs good experiments not very informative,very good library facilities issuing time book must be increased,excellent
1,all things are good,1.0,not too bad,-1.0,there should not be negative marking,-1,the labs are not practically built,0.0,never went there,0,I donot participate,all things good,not too bad,there should not be negative marking,labs not practically built,never went there,i donot participate
1,all things are good,1.0,not too bad,1.0,all things are good,1,good,1.0,they are good,0,I donot participate,all things good,not too bad,all things good,good,they good,i donot participate
1,all activties are good,1.0,course material is perfect,-1.0,there should not be negative marking,1,practical work is good,-1.0,book issuing time should be increased for 2 weeks,1,all are enough,all activties good,course material perfect,there should not be negative marking,practical work good,book issuing time should be increased weeks,all enough
1,all activties are good,1.0,not bad,-1.0,there should not be negative marking,1,good,1.0,good,1,all activities are good,all activties good,not bad,there should not be negative marking,good,good,all activities good
1,good,1.0,good,1.0,not bad,1,super,1.0,excellent,1,good,good,good,not bad,super,excellent,good
1,All is good. no other university is so serious about the concept of practicals.,1.0,IP is provided to the students which is very helpful for the students.,1.0,All is good .,1,This is the best in our university because there is no other university which takes seriously for practical work.,0.0,Really our library provides very good facilites for students and teachers but fine  system was not good it was directly increased upto 10.This is not a good thing.,1,More than best,all good no other university so serious about concept practicals,ip provided students which very helpful students,all good,this best our university because there no other university which takes seriously practical work,really our library provides very good facilites students teachers fine system not good it directly increased upto this not good thing,more than best
1,"lecture delivery depends on teacher's knowledge, punctuality is good",0.0,depth of course is less on the other hand knowledge and material is good,1.0,"I like it , i am satisfied all these work",-1,"some time lab is not proper working , some teacher's practical knowledge is less on the other side evaluations is not that much good   ",1.0,Its good and proper design,1,Its upto mark and very efficiently held in our university,lecture delivery depends teachers knowledge punctuality good,depth course less other hand knowledge material good,i like it i am satisfied all these work,some time lab not proper working some teachers practical knowledge less other side evaluations not that much good,its good proper design,its upto mark very efficiently held our university
1,Good,1.0,Good,1.0,Good,1,Good,1.0,Good,1,Good,good,good,good,good,good,good
1,way of teaching is average,-1.0,content does not provide deep knowledge,1.0,excellent ,1,satisfactory,1.0,Excellent,1,provides good platform to interested students,way teaching average,content does not provide deep knowledge,excellent,satisfactory,excellent,provides good platform interested students
-1,not so good,0.0,average,1.0,quite good,-1,very poor.no equipments are there,1.0,good,-1,no comments. Because when you participiate you get reappear or backlog and no time is given for exam preparation,not so good,average,quite good,very poorno equipments there,good,no comments because when you participiate you get reappear backlog no time given exam preparation
0,average,-1.0,sometime it is irrelevent with the ongoing courses.,1.0,good,-1,poor,0.0,average,-1,"the activities are very good but no time is given to students for participation, so its of no use",average,sometime it irrelevent ongoing courses,good,poor,average,activities very good no time given students participation so its no use
1,good,0.0,average(in one term there should be only two major subjects based on numerical),-1.0,very poor,-1,very poor.no equipments are there,1.0,average,0,average,good,averagein one term there should be only two major subjects based numerical,very poor,very poorno equipments there,average,average
1,the staff is highly punctual ad interactive and encourage students to participate in the class,0.0,some of them are very helpful and knowledgeable and some are just formality,1.0,exam pattern is good and good paper checking but paper checking can be improved,-1,lab practicals and evaluations are below average and need lot of changes and improvements,1.0,library contains all the books regarding courses and other materials and very cooperative library staff,1,lot of activities and students get exposure in games.,staff highly punctual ad interactive encourage students participate class,some them very helpful knowledgeable some just formality,exam pattern good good paper checking paper checking can be improved,lab practicals evaluations below average need lot changes improvements,library contains all books regarding courses other materials very cooperative library staff,lot activities students get exposure games
1,"staff and faculty members are always available for interaction, very punctual and delivery of lecture can be improved",0.0,"very knowledgeable, some subjects do not have dedicated material like books available",1.0,"exam pattern is good, very well marks distribution and paper checking varies from faculty to faculty.",-1,lab practical work can further be improved so that it can meet industrial standards,1.0,all the books are easily available and accessable and the limit of book issued need to be increased,1,too many activities are conducted and student get ample amount of opportunities to participate,staff faculty members always available interaction very punctual delivery lecture can be improved,very knowledgeable some subjects do not have dedicated material like books available,exam pattern good very well marks distribution paper checking varies faculty faculty,lab practical work can further be improved so that it can meet industrial standards,all books easily available accessable limit book issued need be increased,too many activities conducted student get ample amount opportunities participate
1,good delivery,1.0,optimum content,1.0,all excellent,1,excellent work,1.0,all are good,1,they are going excellent,good delivery,optimum content,all excellent,excellent work,all good,they going excellent
1,good,1.0,good,1.0,good,1,good,1.0,good,1,good,good,good,good,good,good,good
1,"our university is good in terms of lecture delivery,interaction and punctuality",1.0,very good,1.0,Excellent ,1,good,1.0,library facilities are good . Every book is available in the library,1,good,our university good terms lecture deliveryinteraction punctuality,very good,excellent,good,library facilities good every book available library,good
1,good,1.0,good,1.0,good,1,good,1.0,good,1,good,good,good,good,good,good,good
1,very good,1.0,very good,1.0,good,1,very good,1.0,very good library facilities. Issuing time of book must be increased,1,excellent,very good,very good,good,very good,very good library facilities issuing time book must be increased,excellent
1,good,-1.0,it is not appropriate,0.0,marks distribution is good but paper checking is not that well,-1,its hard to find a computer working in lab. Students cannot save data in one single PC,-1.0,"as per libraries, few books are not available and in computer library there are hardly 5 PCs working",0,not much interested,good,it not appropriate,marks distribution good paper checking not that well,its hard find computer working lab students cannot save data one single pc,as per libraries few books not available computer library there hardly pcs working,not much interested
1,"interaction satisfied, lecture delivery good,punctuality always on time",1.0,Satisfied knowedgeable and proper course material,1.0,satisfied,1,good,1.0,good,1,very good,interaction satisfied lecture delivery goodpunctuality always time,satisfied knowedgeable proper course material,satisfied,good,good,very good
1,Excellent but it depends upon teacher,1.0,"Good, but there should be at least one a practical subject in every semester",1.0,Excellent,-1,"Not good, becouse in lab teachers donot teach us how to work on live projects or how to make a live project. So i have ovserved that whatever teachers have been teachig us in lab that will not usefull in our future life.",1.0,Excellent,1,Excellent,excellent it depends upon teacher,good there should be least one practical subject every semester,excellent,not good becouse lab teachers donot teach us how work live projects how make live project so i have ovserved that whatever teachers have been teachig us lab that will not usefull our future life,excellent,excellent
1,good,1.0,Yes,1.0,Good,-1,not good..the timing is too much for labs and syllabus is also so vast.we don't get propr revision,-1.0,books are less,-1,bcoz of lectures..we don't get time to participate..,good,yes,good,not goodthe timing too much labs syllabus also so vastwe dont get propr revision,books less,bcoz lectureswe dont get time participate
1,good,1.0,good,1.0,good,1,good,1.0,good,1,good,good,good,good,good,good,good
1,Good,1.0,Good,-1.0,Very Tough,1,Good,1.0,Excellent,0,Average,good,good,very tough,good,excellent,average
1,good,1.0,good,1.0,good,1,good,1.0,excellent,1,good,good,good,good,good,excellent,good
1,Good,1.0,Good,1.0,Excellent,1,Good,1.0,Good,1,Good,good,good,excellent,good,good,good
1,Good,1.0,Good,1.0,Good,1,Good,1.0,Good,1,Good,good,good,good,good,good,good
1, very good.,1.0, good.,1.0,good.,1,satisfactory.,1.0,good.,1,good.,very good,good,good,satisfactory,good,good
1,it is ok,-1.0,it is not very deep,1.0,it is good,-1,i hate it,1.0,i love it,1,very good,it ok,it not very deep,it good,i hate it,i love it,very good
-1,some teachers aren't doing their jobs in very well manner,1.0,course contents are very much relevant to our courses,-1.0,bad,1,very good,-1.0,i think library facilities are only for hostelers ,-1,"i also want to participate in that activities but i can't take part in those activities because I'm a day scholar 
",some teachers arent doing their jobs very well manner,course contents very much relevant our courses,bad,very good,i think library facilities only hostelers,i also want participate that activities i cant take part those activities because im day scholar
1,Some of the teachers are not well experienced but they are interactive and helpful and punctual.,0.0,The course structure is good and follows todays technology. Some subjects portion are too vast and are difficult to cover in 1 sem,0.0,Examination pattern is good but mcq paper checking marks are not correct sometimes.,-1,Practical work is in interesting but different teachers evaluate in their own way. Some of the teachers in some section  give marks without taking viva and some does not give marks accordingly ,-1.0,Capacity of library is less compared to size of university.,1,Extracurricular activities are good and provide a  good platform.,some teachers not well experienced they interactive helpful punctual,course structure good follows todays technology some subjects portion too vast difficult cover sem,examination pattern good mcq paper checking marks not correct sometimes,practical work interesting different teachers evaluate their own way some teachers some section give marks without taking viva some does not give marks accordingly,capacity library less compared size university,extracurricular activities good provide good platform
0,not all the teachers are teaching well but it's fine,1.0,good,-1.0,very strict,1,good,1.0,library has providing excellent facilities,1,good,not all teachers teaching well its fine,good,very strict,good,library has providing excellent facilities,good
1,EXCELLENT,1.0,GOOD,1.0,It is a good way in pattern,1,good,1.0,It will provide us various books to increase our knowledge or to understand the  concept because it is good,1,It is good ,excellent,good,it good way pattern,good,it will provide us various books increase our knowledge understand concept because it good,it good
1,"The faculty is good ,interaction between student and teacher is also good",1.0,content of the course is good ,1.0,good,1,good,1.0,good,1,good,faculty good interaction between student teacher also good,content course good,good,good,good,good
-1,not good,-1.0,syllabus is not in debth,1.0,good,1,good,1.0,good,1,good,not good,syllabus not debth,good,good,good,good
1,Good,1.0,Excellent,-1.0,Not good,1,Good,1.0,Good,1,Good,good,excellent,not good,good,good,good
1,Good,1.0,Very good,1.0,Very good,1,Good,1.0,Good,1,Excellent,good,very good,very good,good,good,excellent
-1,some of our faculty member are not so experienced that's why most of the time we are facing problems subjects like CSE(c++),1.0,as per the courses all the sub are providing  worth knowledge,-1.0,as per the exam pattern maths exam always have to be subjective rather than objective.,1,as per the lab evaluation we r satisfied with  it,-1.0,duration of issuing   books from library should be changed from 1week to 2 week that would be great.,1,that's  great,some our faculty member not so experienced thats why most time we facing problems subjects like csec,as per courses all sub providing worth knowledge,as per exam pattern maths exam always have be subjective rather than objective,as per lab evaluation we r satisfied it,duration issuing books library should be changed week week that would be great,thats great
1,good,1.0,very good,1.0,all good,1,good,-1.0,absolutely fine all books are there but the thing is that the time limit is very less we have to return the book that we have issued  very fast,1,best,good,very good,all good,good,absolutely fine all books there thing that time limit very less we have return book that we have issued very fast,best
1,its to good ,0.0,i dont know,-1.0,its very bad thing not sowing answer of mcQ in exam we dont jiged what is rigth and rong where mak mistacvk ,1,lab and practical work are litial good,0.0,i dont think about ,0,hahahah,its good,i dont know,its very bad thing not sowing answer mcq exam we dont jiged what rigth rong where mak mistacvk,lab practical work litial good,i dont think about,hahahah
1,everything is good ,1.0,regarding the courses everything is good,1.0,coming to the examinations it is good,1,good,,very good,1,very good it is a good oppurtunities to many students,everything good,regarding courses everything good,coming examinations it good,good,very good,very good it good oppurtunities many students
-1,"everything is good but when coming to some lectures who dont have a good grip on subject,they dont behave well with students and they dont even teach all the concepts in the subject. ",1.0,coming to the courses these are very well planned... and it all depends on the lectures.,0.0,In CA's its in the hands of lectures... while in mte's and ete's its good.,-1,not very good... must be improved.,1.0,very good.,1,there are many oppertunities for students .. its all upon students about how they utilize them.,everything good when coming some lectures who dont have good grip subjectthey dont behave well students they dont even teach all concepts subject,coming courses these very well planned it all depends lectures,cas its hands lectures while mtes etes its good,not very good must be improved,very good,there many oppertunities students its all upon students about how they utilize them
1,excellent,1.0,good,0.0,i think mid trem should be also subjective ,1,good,1.0,good,1,excellent,excellent,good,i think mid trem should be also subjective,good,good,excellent
0,"everything was good regarding to university but, some lecturers don't have grip on the subject and lag in the teaching",1.0,good,1.0,exam pattern and marks distribution are good,1,very good,1.0,very good,1,excellent,everything good regarding university some lecturers dont have grip subject lag teaching,good,exam pattern marks distribution good,very good,very good,excellent
0,normal,1.0,good,1.0,good,-1,bad,1.0,good,1,good,normal,good,good,bad,good,good
1,good,1.0,good,1.0,very good,1,good,1.0,good,1,"good
",good,good,very good,good,good,good
1,good,1.0,upto the mark,1.0,good,1,good,1.0,good,0,average,good,upto mark,good,good,good,average
1,teaching activities of our university is good. i am satisfied with it.,1.0,It is so good.,1.0,Examination pattern and marks distribution all the terms are good.Ca and MTE also give the chance to students for improving.,1,With the help of practicals students are able to understand all the concept.so it is also good.,1.0,It is excellent.,1,It is excellent.,teaching activities our university good i am satisfied it,it so good,examination pattern marks distribution all terms goodca mte also give chance students improving,help practicals students able understand all conceptso it also good,it excellent,it excellent
1,GOOD,1.0,GOOD,1.0,GOOD,1,GOOD,1.0,GOOD,0,Poor,good,good,good,good,good,poor
1,everything is good for faculty,1.0,excellent,0.0,in examinations please try to give question papers,1,very good,1.0,good ,1,some of the universities not conducted any extracurricular activities but in our university doing these it is good for our feature ,everything good faculty,excellent,examinations please try give question papers,very good,good,some universities not conducted any extracurricular activities our university doing these it good our feature
1,satisfactory,0.0,content of course is ample but depth must be more,1.0,very good,1,good,-1.0,library facilities need to be improve by bringing some more books,1,good,satisfactory,content course ample depth must be more,very good,good,library facilities need be improve bringing some more books,good
1,GOOD,0.0,COURSE IS GOOD NO PROPER COURSE MATERIAL,1.0,GOOD AND STRICT,1,LAB IS VERY GOOD,1.0,EXELLENT,1,IT IS VERY MUCH USEFUL AND WE CAN PARTICIPATE IN OUR INTERESTS,good,course good no proper course material,good strict,lab very good,exellent,it very much useful we can participate our interests
1,all are good,1.0,excellent,-1.0,not much good ,1,good,1.0,excellent,1,very good,all good,excellent,not much good,good,excellent,very good
0,good but not good . sir improve the subject,1.0,good,0.0,exams conducting is very good .but paper correction is very bad,-1,not good...... must be improve,1.0,good ,1,excelent,good not good sir improve subject,good,exams conducting very good paper correction very bad,not good must be improve,good,excelent
0,"The university is good but it also has a long way to go. More teachers should have their PhD and college fests related to academic curriculum must be improved to a great extent and must be managed properly.The interaction is good, lecture delivery needs more lucidity. The punctuality is top notch.",-1.0,Content of the courses should be changed a bit. More of industry oriented feature like Linux and GitHub must be implemented. Proper detailing and advanced knowledge is required and is to be instilled in the students.The course material is good.,0.0,The examination pattern is good. More of logic based and subjective questions to be asked which is based upon conceptual learning. Paper checking must be done in a more lucid manner because many doubts arise with the checking of OMR sheet.,1,Lab evaluations are good.,1.0,Library facilities are the strength of this university. It is awesome.,1,Quite a lot of events are organized and students have a all round growth which is a nice thing.,university good it also has long way go more teachers should have their phd college fests related academic curriculum must be improved great extent must be managed properlythe interaction good lecture delivery needs more lucidity punctuality top notch,content courses should be changed bit more industry oriented feature like linux github must be implemented proper detailing advanced knowledge required be instilled studentsthe course material good,examination pattern good more logic based subjective questions be asked which based upon conceptual learning paper checking must be done more lucid manner because many doubts arise checking omr sheet,lab evaluations good,library facilities strength this university it awesome,quite lot events organized students have all round growth which nice thing
1,"our university is good in punctuality,lecture delivery but it is not good in terms of interaction",1.0,"good it was knowledgeable,depth of the course is good,there is but proper course materials in only for some  subjects",1.0,all these are good,0,it was good but it can be improved,1.0,good,1,very good,our university good punctualitylecture delivery it not good terms interaction,good it knowledgeabledepth course goodthere proper course materials only some subjects,all these good,it good it can be improved,good,very good
0,average,0.0,average,1.0,the best pattern of examination are in lpu .,-1,"most of the teacher don't even bother about the practical performed by students.They give marks just by seeing face or something like that.
",0.0,Almost each and every books is there.But the time limit for keeping book is too much shorted. ,-1,Activities are not up to the mark as  advertisement.,average,average,best pattern examination lpu,most teacher dont even bother about practical performed studentsthey give marks just seeing face something like that,almost each every books therebut time limit keeping book too much shorted,activities not up mark as advertisement
-1,"interaction is very less ,when it comes to lecture delivery its fine but the co cordination not there between the lectueres",1.0,good,0.0,mid term percentage should be increased so that students get more choice to get success in the examinations,-1,good  but marks are not given properly ,-1.0,"waste ,library is not the good place to study",1,very well,interaction very less when it comes lecture delivery its fine co cordination not there between lectueres,good,mid term percentage should be increased so that students get more choice get success examinations,good marks not given properly,waste library not good place study,very well
1,good,1.0,good,1.0,very good,1,good,1.0,good,1,"good
",good,good,very good,good,good,good
1,All lectures are giving their best to teach the students,1.0,Excellent,1.0,Good,1,Excellent,1.0,Good,1,Excellent ,all lectures giving their best teach students,excellent,good,excellent,good,excellent
-1,our university is very good but in terms of interaction of teachers wd students is not at all fair because they interact wd only students understands his/her teaching they don't make remaining students to understand the topic ,1.0,very good and you can also increase the standard of Courses,1.0,"good
",0,practicals are good but evaluations are not because they don't give enough time to work ,0.0,It's good but we don't find the books because their are much less number of books,0,It's good but we don't get sufficient time for participating in that activities,our university very good terms interaction teachers wd students not all fair because they interact wd only students understands hisher teaching they dont make remaining students understand topic,very good you can also increase standard courses,good,practicals good evaluations not because they dont give enough time work,its good we dont find books because their much less number books,its good we dont get sufficient time participating that activities
1,The university consists of a whole world in itself.It is diverse and manages to conduct all events properly.I love being the part of this university where we get equal and all opportunities in all respects and fields.,1.0,The courses available in the university have got a scope and the teaching of these courses goes on with the point of view of bringing out the best from the student by indulging them in different activities and projects.,1.0,The examination system of the university is very impressive.The sitting plan of he students is made in such a way that no 2 students of same class give the exam in same room or even sometimes same blocks.Through this students also get to know and visit different blocks of the university.The checking is also fair .,1,They are conducted in proper way.,1.0,perfect,1,unbiased,university consists whole world itselfit diverse manages conduct all events properlyi love being part this university where we get equal all opportunities all respects fields,courses available university have got scope teaching these courses goes point view bringing out best student indulging them different activities projects,examination system university very impressivethe sitting plan he students made such way that no students same class give exam same room even sometimes same blocksthrough this students also get know visit different blocks universitythe checking also fair,they conducted proper way,perfect,unbiased
1,"teachers are pretty interactive,But it all depends on the student to gain as much as knowledge he can from the teacher.Teachers are punctual and very helpful during exams time.",1.0,content of course is more than enough to get the basics of that particular subject.,1.0,Everything is pretty well organised,0,Teachers are supposed to let the students know the actual use of the instruments used in the lab.,1.0,They are good.,1,LPU gives the best opportunity for the students to show their talent.,teachers pretty interactivebut it all depends student gain as much as knowledge he can teacherteachers punctual very helpful during exams time,content course more than enough get basics that particular subject,everything pretty well organised,teachers supposed let students know actual use instruments used lab,they good,lpu gives best opportunity students show their talent
0,teaching delivery is good .but it is better to reduce there speed of  lecture delivery to understand the student better,0.0,courses are also good .but lt of subjects in cse departments at 1st year it feels like burden upon us,1.0,good ,1,excellent ...they  work hard..their way of teaching is also pretty good,1.0,excellent,1,these are very usefull to students .excellent,teaching delivery good it better reduce there speed lecture delivery understand student better,courses also good lt subjects cse departments st year it feels like burden upon us,good,excellent they work hardtheir way teaching also pretty good,excellent,these very usefull students excellent
1,"overall rating on this activity is 4.5/5 .very nice teaching and interaction between students and lectures was good, every time there will be new and fresh style in  delivering the lectures ,thanks.


 ",1.0, my rating in this is 4/5,1.0,very good 5/5,0,average 3.5/5,1.0,it is very nice and timings of library is good 5/5,0,"there are lot of extracurricular activites held in university but so many of them are unknown to us ,the problem is there is no such ad's viewed to us
my rating is 3/5",overall rating this activity very nice teaching interaction between students lectures good every time there will be new fresh style delivering lectures thanks,my rating this,very good,average,it very nice timings library good,there lot extracurricular activites held university so many them unknown us problem there no such ads viewed us my rating
0,"excellent, but reduse the speed of teaching  ,up to understand the students",0.0,"good,they work very hard for us",1.0,good,1,good,1.0,excellent,1,these are very use full to the sudents forphysical activity and improvement of knowledge,excellent reduse speed teaching up understand students,goodthey work very hard us,good,good,excellent,these very use full sudents forphysical activity improvement knowledge
0,"teaching is ok but the interaction with the students need to improve, i mean they have to focus on dull students more  than intelligents....",1.0,good,-1.0,for some subjects like maths and english(passage writing) the time duration neds to increase,0,"In labs,the lecturers has to interact with each student to improve their knowledge, in all the ways,before giving us the work they must explain about the experiment once so that we will come to know how to perform n take precautions while doing,........
",0.0,"good but there is more need of keeping books of general topics about social,polity,gk,...etc other than related to subject so that we will get some knowledge about country related issues..............",1,good,teaching ok interaction students need improve i mean they have focus dull students more than intelligents,good,some subjects like maths englishpassage writing time duration neds increase,labsthe lecturers has interact each student improve their knowledge all waysbefore giving us work they must explain about experiment once so that we will come know how perform n take precautions while doing,good there more need keeping books general topics about socialpolitygketc other than related subject so that we will get some knowledge about country related issues,good
1,Interaction is good but it should b more ...rest is too perfect,-1.0,syllabus is more which required time ..it should b less so that student can proper concentrate getting the knowlegde instead of just covering the syllabusgood,0.0,"Pattern is good ...marks distribution that includes ca,mt,et ,nd attendence all that is  little complicated ",1,Good,1.0,Good,-1,Sometimes study burden is that much that we can not participate in these activities ...there should b one activity complusory for every student like all other courses ,interaction good it should b more rest too perfect,syllabus more which required time it should b less so that student can proper concentrate getting knowlegde instead just covering syllabusgood,pattern good marks distribution that includes camtet nd attendence all that little complicated,good,good,sometimes study burden that much that we can not participate these activities there should b one activity complusory every student like all other courses
1,"teachers are good in subject,and punctuality",1.0,good,1.0,good,1,ok,1.0,good,1,excellent,teachers good subjectand punctuality,good,good,ok,good,excellent
0,Everything would be fine if there are less number of students in our btech CSE.,-1.0,when compared to other universities we need better material and exposure.,1.0,every thing is fine.,1,its fine.,0.0,Books are heavily outnumbered when compared to number of students this is the only problem with library.,1,it helps in building up university's reputation.,everything would be fine if there less number students our btech cse,when compared other universities we need better material exposure,every thing fine,its fine,books heavily outnumbered when compared number students this only problem library,it helps building up universitys reputation
1,good ,1.0,good,1.0,good,1,good,1.0,good,1,good,good,good,good,good,good,good
0,faculties are doing quite well but need more senior lecturers.,-1.0,the content of the course should be increased with the depth.,1.0,Probably the best part of university is its examination and its pattern.,-1,More number of lab/practicals should be there to enhance practical knowledge.,-1.0,Insufficient books ,1,It was quite great and unique.,faculties doing quite well need more senior lecturers,content course should be increased depth,probably best part university its examination its pattern,more number labpracticals should be there enhance practical knowledge,insufficient books,it quite great unique
1,satisfied,1.0,content provided by you is excellent so that we learnt more and more about that particular subject,1.0,"I have never seen this type of examination,,,,,,,very GOOD  pattern",1,Here we r able to do every thing by our own with u r valuable support ,1.0,"I have no words to say about our library facilities,,,,,,,, SIMPLY AWESOME",1,EXTRAORDINARY,satisfied,content provided you excellent so that we learnt more more about that particular subject,i have never seen this type examinationvery good pattern,here we r able do every thing our own u r valuable support,i have no words say about our library facilities simply awesome,extraordinary
1,"examination department is not good, teaching is quite good, I cant get extra time for extra knowledge, interaction is good


",1.0,content of course is appropriate ,-1.0,"examination checking sucks here , don't knw why I get low marks even if 4 qustions are wrong . answer key of exam is absurd, discrepancy system is not advantageous, answers of exam not right, omr should be uploaded


",1,pretty good,,good but timings should be 24hrs,1,they are good,examination department not good teaching quite good i cant get extra time extra knowledge interaction good,content course appropriate,examination checking sucks here dont knw why i get low marks even if qustions wrong answer key exam absurd discrepancy system not advantageous answers exam not right omr should be uploaded,pretty good,good timings should be hrs,they good
1,Well and Good,-1.0,The content of course should be increase with depth,1.0,It is best,1,Very Good,-1.0,insufficient books,1,it was quite great and unique,well good,content course should be increase depth,it best,very good,insufficient books,it quite great unique
1,Good,1.0,Good,1.0,Good,1,Good,0.0,"Library facility is very good but there is a problem collection of books, Available books are very less for some subjects  
",1,Very good,good,good,good,good,library facility very good there problem collection books available books very less some subjects,very good
1,good,1.0,good,1.0,good,1,good,1.0,good,1,good,good,good,good,good,good,good
0,university management is extordinary but some of the faculty is very bad,-1.0,In my opnion very less content is their in our syllabus..it will be good if there is more syllabus and depth included in our syllabus,-1.0,"examination pattern is good but,,there is blunder mistake.that is we ha no alternate to check the mistake where we have done morever no question papers also not given for discussion.so i suggest to..provide option for checking mistakes in the MCQ exams such as midterm.",-1,There are no sufficient lab equipments in the labs and the avilable euipments are also not perfect.,1.0,good enough.,1,"it is relly awesome,extirdinary and marvellous but no time to attend",university management extordinary some faculty very bad,my opnion very less content their our syllabusit will be good if there more syllabus depth included our syllabus,examination pattern good butthere blunder mistakethat we ha no alternate check mistake where we have done morever no question papers also not given discussionso i suggest toprovide option checking mistakes mcq exams such as midterm,there no sufficient lab equipments labs avilable euipments also not perfect,good enough,it relly awesomeextirdinary marvellous no time attend
1,good,-1.0,some of the faculty are not uploading ppts,1.0,good,1,good,1.0,good,1,good,good,some faculty not uploading ppts,good,good,good,good
1,good,1.0,ok,1.0,ok,1,good,-1.0,rough handling,1,good,good,ok,ok,good,rough handling,good
1,good,1.0,good,1.0,good,1,good,-1.0,books are not available,1,good,good,good,good,good,books not available,good
0,"some lectures are excellent,but not everyone",1.0,excellent,1.0,excellent,1,super,1.0,librery facilities are excellent,1,nice,some lectures excellentbut not everyone,excellent,excellent,super,librery facilities excellent,nice
1,It is very good learning in this university,1.0,it is good learning these courses,-1.0,time not sufficient,0,it is good leaning in lab but the lab instruments are not properly working,-1.0,Very rough handling,1,good,it very good learning this university,it good learning these courses,time not sufficient,it good leaning lab lab instruments not properly working,very rough handling,good
0,its  booring,-1.0,its very tough and very diffcult to understand,1.0,good,1,very bad,1.0,good,1,that is only good in this university,its booring,its very tough very diffcult understand,good,very bad,good,that only good this university
1,good,1.0,Nice,1.0,exam pattern is good ,1,good,1.0,library facilites are good,1,good,good,nice,exam pattern good,good,library facilites good,good
1,Good,0.0,yeah! well some of the faculty are not teaching well but the schedule of the university are superb ... and university asked feedback from us .that is really helpful,1.0,excellent!!!,1,good,0.0,yeah quite well but ... some of the books are not available,1,excellent..... u r the best in providing facilties and etc .. for extra curricular activities,good,yeah well some faculty not teaching well schedule university superb university asked feedback us that really helpful,excellent,good,yeah quite well some books not available,excellent u r best providing facilties etc extra curricular activities
0,teaching is good but some lecturers are showing partiality between south people and north people,1.0,good,0.0,every thing is excllent but paper checking is not good,1,labs are very interesting it is helpful to know the knowledge,1.0,library facilities is good,1,extracurricular activities are also good,teaching good some lecturers showing partiality between south people north people,good,every thing excllent paper checking not good,labs very interesting it helpful know knowledge,library facilities good,extracurricular activities also good
1,excellent,0.0,The content of the courses are good but depth of courses are not enough to get the good concepts.,-1.0,We don't get answers key and even the question papers for our mcq exams.There should be some means by which we could recheck our answers and get to know what mistakes we have made.,-1,According to me students are doing lab only for marks .,1.0,good,1,excellent,excellent,content courses good depth courses not enough get good concepts,we dont get answers key even question papers our mcq examsthere should be some means which we could recheck our answers get know what mistakes we have made,according me students doing lab only marks,good,excellent
0,"teaching is good but some teachers are not able to interact properly and are not able to clear the concepts properly, teachers are punctual. 
",1.0,content is sufficient for us ,0.0,  exam pattern is very nice but paper checking is not at all good .,1,lab practical work help us to learn the things properly and evalution is also very necessary as it helps us to retain concepts,1.0,library facilty is good,1,university offers alkot of activities which is excellent on their part as students are able to explore themselves,teaching good some teachers not able interact properly not able clear concepts properly teachers punctual,content sufficient us,exam pattern very nice paper checking not all good,lab practical work help us learn things properly evalution also very necessary as it helps us retain concepts,library facilty good,university offers alkot activities which excellent their part as students able explore themselves
1,good,1.0,excellent,1.0,good,1,good,1.0,super,1,super,good,excellent,good,good,super,super
1,"Everything is very good. Interaction part is something like teachers mostly interact with each and every student, lecture delivery is very good and punctuality always maintains.",,"Content of courses are good, these are very knowledgeable, depth of course is also there but sometimes proper course material is not there.",0.0,Exam pattern and marks distribution are excellent but sometimes there are some errors in paper checking.,1,Lab or practical work is excellent and yes including evaluations also.,1.0,"Library facilities are good, it maintains silence there and makes good environment to study but sometimes it goes very strict which is not required according to me.",1,Extracurricular activities are good. It helps people to know their talent and build up their skills.,everything very good interaction part something like teachers mostly interact each every student lecture delivery very good punctuality always maintains,content courses good these very knowledgeable depth course also there sometimes proper course material not there,exam pattern marks distribution excellent sometimes there some errors paper checking,lab practical work excellent yes including evaluations also,library facilities good it maintains silence there makes good environment study sometimes it goes very strict which not required according me,extracurricular activities good it helps people know their talent build up their skills
1,good,1.0,good,1.0,good,1,good,0.0,uncertain,1,good,good,good,good,good,uncertain,good
1,"I am very much satisfied with teaching faculty interms of iteraction,lecture delivery, punctuality etc",1.0,"I like communication classes,courses are good",0.0,exam  pattern is very good but if you give question papers to students it is helpful ,1,lab is very much helpful,1.0,I like reading books in Library,1,I am really enjoying ,i am very much satisfied teaching faculty interms iteractionlecture delivery punctuality etc,i like communication classescourses good,exam pattern very good if you give question papers students it helpful,lab very much helpful,i like reading books library,i am really enjoying
-1,they are showing partiality between north indians and south indians,1.0,they are giving good knowledge for us,1.0,its better,-1,in lab also they are showing parilaty,1.0,i felt its better because there is no problem from library facilities,1,i felt happy because it encourages our talents,they showing partiality between north indians south indians,they giving good knowledge us,its better,lab also they showing parilaty,i felt its better because there no problem library facilities,i felt happy because it encourages our talents
1,good,1.0,Excellent,1.0,Excellent,1,Good,0.0,Average,1,Excellent,good,excellent,excellent,good,average,excellent
1,"Interaction is satisfying, Lecture delivery is Good, Punctuality is Excellent

",1.0,"Knowledgeable is Good, Depth of course is satisfying, proper course material is also good

",1.0,"Exam pattern Very good, Marks distribution good but sometimes disappointing, paper checking OK

",-1,Lab evaluations are very strict,0.0,Excellent     but sometimes lack of books especially during exam times,1,Outstanding,interaction satisfying lecture delivery good punctuality excellent,knowledgeable good depth course satisfying proper course material also good,exam pattern very good marks distribution good sometimes disappointing paper checking ok,lab evaluations very strict,excellent sometimes lack books especially during exam times,outstanding
-1,staff is showing partiality between north indians and south indians ,1.0,its good,1.0,yeah its obviously good,1,good,0.0,libary is giving a lot to us  but we are not getting it,1,better,staff showing partiality between north indians south indians,its good,yeah its obviously good,good,libary giving lot us we not getting it,better
1,excellent university  the mode of teaching is completely different than any other university in india. lecturers are very friendly with every one they interact just like friends and they are very punctual,1.0,every thing is good subjects have a very good depth almost all the  books are available   in the library and more than that 4/5,1.0,exam pattern is completely different the entire exams are objective oriented resumbling  the education in abroad my review is 5/5,-1,the lab evaluations are very strict ,1.0,excellent,1,excellent  simply superb,excellent university mode teaching completely different than any other university india lecturers very friendly every one they interact just like friends they very punctual,every thing good subjects have very good depth almost all books available library more than that,exam pattern completely different entire exams objective oriented resumbling education abroad my review,lab evaluations very strict,excellent,excellent simply superb
0,lecture delivery and punctuality was good but the interaction with students was not good.,1.0,good,1.0,everything was good.,1,labs n practicals are good.,0.0,"i've never went to library in lpu.so,i don't know about that.",-1,"before coming to lpu i thought sports were very good n encouraging.but, there are many politics in sports especially in cricket.",lecture delivery punctuality good interaction students not good,good,everything good,labs n practicals good,ive never went library lpusoi dont know about that,before coming lpu i thought sports very good n encouragingbut there many politics sports especially cricket
0,punctuality and lecture is good here but interaction isn't good.,1.0,Its nice .,1.0,everything is good.,1,practicals are pretty well.,0.0,I don't know abt that bcoz i didn't go to library till now.,-1,not every one is getting opportunities here only recommended students getting.,punctuality lecture good here interaction isnt good,its nice,everything good,practicals pretty well,i dont know abt that bcoz i didnt go library till now,not every one getting opportunities here only recommended students getting
1,good enough,-1.0,not good ,0.0,"excellent but checking procedure is not exceptable since we  fail to know our faults in mid term..
",1,good,1.0,facilities are good to overcome one's need,1,it seems to me very good since it is a good source of interaction with other and to built a leadership quilities and to overcome our faults.,good enough,not good,excellent checking procedure not exceptable since we fail know our faults mid term,good,facilities good overcome ones need,it seems me very good since it good source interaction other built leadership quilities overcome our faults
1,"In this university there is good interaction with the students, Teachers in this university can deliver the lectures effectively, There is good punctuality in this university

",1.0,"The material provided in this university is depth of course, The courses in this university is knowledgeable
",1.0,"Excellent exam pattern, paper checking in this university is easy

",1,There is good evaluations in lab regarding practicle ,1.0,good,1,They are sportive,this university there good interaction students teachers this university can deliver lectures effectively there good punctuality this university,material provided this university depth course courses this university knowledgeable,excellent exam pattern paper checking this university easy,there good evaluations lab regarding practicle,good,they sportive
1,Very good indeed. ,1.0,The depth of course is very much  deep. According to me its very essential,0.0,I don't like the -ve marking system. appart from that everything is great,1,Very good,-1.0,Required text books are not available to every student,1,One of the best things I like about this university. The best of all.,very good indeed,depth course very much deep according me its very essential,i dont like ve marking system appart that everything great,very good,required text books not available every student,one best things i like about this university best all
1,"Teaching is excellent,but lecture delivery is not up to the mark.Punctuality is good",0.0,Some subjects are good and predictable.Remaining courses are not satisfactory,-1.0,"Returning the question paper after the exams to be expected,because to clear and clarify the doubts regarding particular subjects",1,Its Good,1.0,Its good,1,They are extraordinary,teaching excellentbut lecture delivery not up markpunctuality good,some subjects good predictableremaining courses not satisfactory,returning question paper after exams be expectedbecause clear clarify doubts regarding particular subjects,its good,its good,they extraordinary
0,interaction of some faculty was good but not all faculty..,0.0,depth  of course was good ....providing a basic knowledge not so deep in subjects....at least they should provide deep knowledge and syllabus in core subjects...,1.0,examination pattern was excellent,0,lab and practical works are good..with a little draw back of faculty in connecting  the lab practical to the outside  world..,0.0,library facilities are excellent...but only limited books are available ..so books should be increased.,1,extra curricular are so good. university is providing many pathways to many students....apart from education,interaction some faculty good not all faculty,depth course good providing basic knowledge not so deep subjectsat least they should provide deep knowledge syllabus core subjects,examination pattern excellent,lab practical works goodwith little draw back faculty connecting lab practical outside world,library facilities excellentbut only limited books available so books should be increased,extra curricular so good university providing many pathways many studentsapart education
1,"good, and also like the teaching style",1.0,I like this very much because every subject is linked up with real life situations and every thing in the subject is use full,1.0,good,1,I like it soo much,1.0,good ,1,good,good also like teaching style,i like this very much because every subject linked up real life situations every thing subject use full,good,i like it soo much,good,good
1,"Interaction between students and teachers is good ,The lectures delivery is fine, punctuality is good
 

",0.0,"depth of the course are depended on the level of student intake, course material is delivered after the class in UMS 

",1.0,"Exams are conducted upon the the basis of the revised chapters upto that point, marks distribution is appropriate, paper checking is good

",1,Lab is good the Prof explains everything before the lab begins and the Lab Asst helps us during the experiments ,-1.0,The library has insufficent number of books for all the students,1,good they are knowledgebale and helps us interacting with other students,interaction between students teachers good lectures delivery fine punctuality good,depth course depended level student intake course material delivered after class ums,exams conducted upon basis revised chapters upto that point marks distribution appropriate paper checking good,lab good prof explains everything before lab begins lab asst helps us during experiments,library has insufficent number books all students,good they knowledgebale helps us interacting other students
1,not bad,1.0,good,0.0,very hard papers and main concept papers,-1,very strcitly they evaluted marks ,1.0,very good there we can find several course books and we can find several reference books also...,1,in this university there is lot of events and lot of extra curriclar activities.... ,not bad,good,very hard papers main concept papers,very strcitly they evaluted marks,very good there we can find several course books we can find several reference books also,this university there lot events lot extra curriclar activities
1,Its Quite Good,1.0,Pretty Good ,1.0,Good ,1,Good enough,0.0,"Library is vast and has got wide variety of books But I think more number of specimen copies of books should be made available
",1,Excellent,its quite good,pretty good,good,good enough,library vast has got wide variety books i think more number specimen copies books should be made available,excellent
1,very good indeed,1.0,Is good,-1.0, Not so good,1,very good,1.0,good,1,The best,very good indeed,good,not so good,very good,good,best
1,not bad..,-1.0,not good enough.. we want something more.,-1.0,strict paper correction.,1,nice..enough,1.0,fine  ,1,good..,not bad,not good enough we want something more,strict paper correction,niceenough,fine,good
0,teaching is good some lecturers are showing partiality between south people and north people,1.0,good,0.0,super but paper checking is not good,1,labs are interesting and helpful toknoe the knowledge,1.0,good,1,excllent,teaching good some lecturers showing partiality between south people north people,good,super paper checking not good,labs interesting helpful toknoe knowledge,good,excllent
0,I WAS A STUDENT OF A BOARDING SCHOOL .....(jnv) I STUDIED FOR 7  YEARS THERE RESIDING IN HOSTEL ..NOW LIVING IN LPU IS SAME LIKE THAT..AND STILL MORE SAME AND PUNCTUALITY IS SHOWN HERE BY BOTH TEACHERS AND STUDENTS...AND ALSO BY THE STAFF..          SECURITY IS ABOVE 90%(IN CASE OF  STUDENT IS WELL MANURED)  ....CLASSES REGULAR ....SPORTS DAILY.....PARTICIPATION WELL/.......QUALITY BELOW AVERAGE,-1.0,LESS TIME FOR STUDY ...LESS TIME FOR PAPER ATTEMTING...LESS TIME FOR EVERY THING ....LESS KNOWLEGE.....LESS DEPTH OF COURSE .....BUT PROPER COURSE MATERIAL ACCORDING TO EXAM,1.0,NICE TIMING..,-1,NOT GOOD ...,0.0,VERY NICE....BUT BOOKS ARE NOT AVAILABE EVERY TIME,-1,VERY HIGH......NEED TO TAKE DOWN SOME ACCITIVTIES ................................NOISE POLLITION IN THE UNIVERSITY  ALWAYS A BIG PROBLEM.,i student boarding school jnv i studied years there residing hostel now living lpu same like thatand still more same punctuality shown here both teachers studentsand also staff security above case student well manured classes regular sports dailyparticipation wellquality below average,less time study less time paper attemtingless time every thing less knowlegeless depth course proper course material according exam,nice timing,not good,very nicebut books not availabe every time,very highneed take down some accitivties noise pollition university always big problem
1,All terms are good regarding the university activities,0.0,knowledge is maximum gained by reading books also the teachers explain depth if we are interested to know about it.,0.0,That's good to have a negative marking pattern in exam but the time is not sufficient to do all the questions.,1,Labs helps to know how the work is done.It thought me a good lessons.,1.0,They are good.,1,Yes.,all terms good regarding university activities,knowledge maximum gained reading books also teachers explain depth if we interested know about it,thats good have negative marking pattern exam time not sufficient do all questions,labs helps know how work doneit thought me good lessons,they good,yes
1,GOOD,-1.0,HAVE TO IMPROVE,1.0,EXAMPATTERN IS GOOD AND MARKS DISTRIBUTION IS ALSO GOOD AND PAPER CHECKING IS VERY HARD ,1,IT IS GOOD,1.0,IT IS ALSO GOOD,1,VERY GOOD,good,have improve,exampattern good marks distribution also good paper checking very hard,it good,it also good,very good
1,intraction is good and leacture delivery also good and then punctuality is also is good,0.0,every one can tell depth of course but some one only give notes,,exam pattern is good and marks distribution is also good but paper checking is too hard,1,all labs and practical going on well,,good ,1,they all are held in super,intraction good leacture delivery also good then punctuality also good,every one can tell depth course some one only give notes,exam pattern good marks distribution also good paper checking too hard,all labs practical going well,good,they all held super
1,all the given terms are good regarding the university ,1.0,we are getting maximum knowledge ,1.0,all are good ,1,not bad,-1.0,library facilities are not good.They are not following the rules( they are using phones in library).,1,good,all given terms good regarding university,we getting maximum knowledge,all good,not bad,library facilities not goodthey not following rules they using phones library,good
1,All the terms are good regarding the university activities.,1.0,Knowledge is maximum gained  by reading books and also teachers explain the concept in depth.,0.0,The examination pattern is good .But time is not sufficient for those questions.,1,Labs are upto the mark.,1.0,They are good,1,the extracurricular activities held in university  are very enjoyable and good,all terms good regarding university activities,knowledge maximum gained reading books also teachers explain concept depth,examination pattern good time not sufficient those questions,labs upto mark,they good,extracurricular activities held university very enjoyable good
-1,Some of the teacher are un experienced. Also they are unfair and baised. Infact many of the teachers are having few or no experience about the subject ,0.0,Its fine but it should focus more towards practical knowledge rather than content based. It would be helpful for us.,1.0,MCQ pattern is quite good and efficient way for evolving students.,-1,Our labs do not have all facalities. ,1.0,We have a good library with all facalities.,1,Our university has lot of extracurricular going on and it helps us a lot.,some teacher un experienced also they unfair baised infact many teachers having few no experience about subject,its fine it should focus more towards practical knowledge rather than content based it would be helpful us,mcq pattern quite good efficient way evolving students,our labs do not have all facalities,we have good library all facalities,our university has lot extracurricular going it helps us lot
1,IT IS GOING GOOD,-1.0,HAVE TO IMPROVE,0.0,PAPER CHECKING IS VERY HARD REMAINING IS GOOD,1,ALL PRACTICAL WORK IS GOOD,-1.0,"THEY IS NO PROBLEM WITH THEM
",1,IT IS THE BEST THING IN THIS UNIVERSITY I LIKE IT,it going good,have improve,paper checking very hard remaining good,all practical work good,they no problem them,it best thing this university i like it
